{
    "evaluation_time": "2026-03-09T23:03:11.301680",
    "model_name": "qwen3:14b",
    "embed_model": "mxbai-embed-large:latest",
    "db_path": "/home/a001/zhangyan/LitQuery/serpapi_db_mxbai",
    "db_doc_count": 5010,
    "total_samples": 30,
    "metrics_summary": {
        "faithfulness": {
            "mean": 0.5,
            "std": NaN,
            "median": NaN,
            "p10": NaN,
            "p90": NaN,
            "min": NaN,
            "max": NaN,
            "count": 30
        },
        "answer_relevancy": {
            "mean": 0.81,
            "std": 0.04593859191297843,
            "median": 0.7961819529323754,
            "p10": 0.7312643068029515,
            "p90": 0.8462483600904673,
            "min": 0.671408904232941,
            "max": 0.8776217557540993,
            "count": 30
        },
        "context_utilization": {
            "mean": 0.28,
            "std": 0.07354556829749946,
            "median": 0.0,
            "p10": 0.0,
            "p90": 0.0,
            "min": 0.0,
            "max": 0.3333333333,
            "count": 30
        },
        "cpac_plan_quality": {
            "mean": 4.186,
            "std": 0.3726779962499649,
            "median": 5.0,
            "p10": 4.0,
            "p90": 5.0,
            "min": 4.0,
            "max": 5.0,
            "count": 30
        },
        "evidence_uncertainty": {
            "mean": 3.8,
            "std": NaN,
            "median": NaN,
            "p10": NaN,
            "p90": NaN,
            "min": NaN,
            "max": NaN,
            "count": 30
        }
    },
    "context_utilization": 0.28,
    "faithfulness": 0.5,
    "answer_relevancy": 0.81,
    "cpac_plan_quality": 4.186,
    "evidence_uncertainty": 3.8
}